{"loss": 2.747910378947426, "lr": 0.02592496704099201, "epoch": 54, "acc": 52.66534682504766, "margin": 0.2, "_timestamp": 1655815820, "_runtime": 234984, "_step": 38}